datetime,OI,CHNG IN OI,VOLUME,IV,LTP,CHNG,BID QTY,BID,ASK,ASK QTY,STRIKE,BID QTY.1,BID.1,ASK.1,ASK QTY.1,CHNG.1,LTP.1,IV.1,VOLUME.1,CHNG IN OI.1,OI.1
2022-12-12 09:00:00.000,3.0,2.0,4.0,75.93,7242.1,212.1,750.0,6992.0,7216.55,750,36500,1625.0,2.4,2.45,25.0,0.05,2.45,51.31,87801.0,9766.0,11351.0
2022-12-12 09:05:03.600,16.0,0.0,0.0,0.0,6586.4,3.75,150.0,6582.75,6758.0,750,37000,3400.0,2.45,2.5,250.0,-0.25,2.5,47.88,38171.0,1755.0,4375.0
2022-12-12 09:10:07.200,0.0,0.0,0.0,0.0,0.0,0.0,150.0,6085.6,6268.2,750,37500,525.0,2.7,2.8,25.0,-0.35,2.7,44.72,23243.0,797.0,1227.0
2022-12-12 09:15:10.800,7.0,0.0,1.0,59.9,5738.1,180.45,150.0,5588.75,5719.6,750,38000,275.0,2.95,3.15,2950.0,-0.75,2.95,41.59,45981.0,3043.0,5108.0
2022-12-12 09:20:14.400,4.0,0.0,0.0,0.0,5025.35,0.0,150.0,5082.8,5221.65,750,38500,200.0,3.45,3.7,1200.0,-0.25,3.7,39.04,31505.0,190.0,3802.0
2022-12-12 09:25:18.000,38.0,5.0,5.0,0.0,4551.7,-7.35,150.0,4589.1,4718.65,750,39000,900.0,4.0,4.2,50.0,-0.7,4.0,35.79,80232.0,-1269.0,10018.0
2022-12-12 09:30:21.600,42.0,35.0,42.0,0.0,4055.05,22.05,150.0,4097.05,4220.1,750,39500,400.0,4.0,4.95,4375.0,-0.35,4.95,33.04,99271.0,4071.0,9428.0
2022-12-12 09:35:25.200,1.0,0.0,1.0,0.0,3991.65,197.6,750.0,3911.95,4164.4,750,39600,1200.0,3.55,5.6,75.0,-0.8,4.55,31.98,8607.0,303.0,565.0
2022-12-12 09:40:28.800,0.0,0.0,0.0,0.0,0.0,0.0,750.0,3830.55,4022.9,750,39700,475.0,3.65,5.9,500.0,-1.95,3.65,30.44,9135.0,-46.0,303.0
2022-12-12 09:45:32.400,0.0,0.0,0.0,0.0,0.0,0.0,750.0,3699.95,4213.0,750,39800,1175.0,3.65,0.0,0.0,0.25,5.95,31.57,10303.0,427.0,574.0
2022-12-12 09:50:36.000,0.0,0.0,0.0,0.0,0.0,0.0,750.0,3634.15,3865.3,750,39900,3600.0,4.15,5.5,100.0,-0.35,5.5,30.52,12339.0,691.0,868.0
2022-12-12 09:55:39.600,140.0,12.0,32.0,0.0,3657.6,90.25,150.0,3555.15,3719.75,750,40000,150.0,4.65,5.5,575.0,-0.65,5.5,29.78,210620.0,3996.0,33226.0
2022-12-12 10:00:43.200,4.0,0.0,0.0,0.0,3426.6,0.0,150.0,3473.55,3669.55,750,40100,900.0,4.25,5.5,100.0,-1.05,4.9,28.62,10401.0,454.0,718.0
2022-12-12 10:05:46.800,0.0,0.0,0.0,0.0,0.0,0.0,150.0,3387.0,3589.0,750,40200,900.0,4.2,5.75,50.0,-2.25,4.25,27.4,13164.0,284.0,1360.0
2022-12-12 10:10:50.400,12.0,0.0,5.0,37.95,3440.0,915.0,75.0,3305.05,3454.1,750,40300,475.0,4.3,6.25,225.0,-0.5,6.25,28.03,20270.0,-65.0,938.0
2022-12-12 10:15:54.000,0.0,0.0,0.0,0.0,0.0,0.0,150.0,3162.0,3405.35,750,40400,850.0,3.05,5.35,25.0,-1.7,5.35,26.73,20811.0,21.0,1373.0
2022-12-12 10:20:57.600,62.0,12.0,23.0,0.0,3072.95,-25.75,150.0,3089.1,3132.8,25,40500,700.0,5.6,5.95,425.0,-1.95,5.6,26.15,234672.0,-8021.0,21995.0
2022-12-12 10:26:01.200,0.0,0.0,0.0,0.0,0.0,0.0,150.0,2945.4,3132.15,750,40600,1000.0,5.05,7.65,75.0,-2.75,4.95,25.0,31216.0,-797.0,1925.0
2022-12-12 10:31:04.800,1.0,0.0,0.0,0.0,2860.0,0.0,25.0,2887.3,3051.35,750,40700,150.0,5.45,8.1,5000.0,-2.5,5.45,24.58,27117.0,584.0,2514.0
2022-12-12 10:36:08.400,1.0,0.0,0.0,0.0,2610.0,0.0,150.0,2791.65,2899.35,750,40800,250.0,5.45,7.65,250.0,0.3,8.5,25.36,31800.0,678.0,2114.0
2022-12-12 10:41:12.000,1.0,1.0,1.0,0.0,2658.85,722.65,25.0,2695.9,2869.05,750,40900,900.0,4.05,8.2,250.0,-0.65,8.15,24.44,45494.0,7251.0,9390.0
2022-12-12 10:46:15.600,595.0,1.0,67.0,0.0,2634.6,46.5,750.0,2531.6,2717.85,750,41000,13175.0,6.45,7.85,75.0,-2.7,6.45,22.88,363587.0,14669.0,45276.0
2022-12-12 10:51:19.200,3.0,0.0,0.0,0.0,2123.6,0.0,25.0,2504.35,2653.5,750,41100,250.0,5.9,10.0,50.0,-3.4,6.15,21.98,47247.0,1021.0,3060.0
2022-12-12 10:56:22.800,11.0,1.0,1.0,28.67,2536.8,328.8,225.0,2355.5,2523.2,800,41200,25.0,6.5,9.7,75.0,-0.5,9.4,22.59,70353.0,1112.0,8130.0
2022-12-12 11:01:26.400,22.0,5.0,7.0,0.0,2325.45,-8.05,750.0,2232.15,2420.65,750,41300,225.0,6.5,8.0,75.0,-4.15,6.55,20.66,53227.0,213.0,5147.0
2022-12-12 11:06:30.000,5.0,2.0,2.0,0.0,2200.95,50.95,750.0,2142.4,2343.25,775,41400,750.0,7.8,9.2,25.0,-3.65,8.0,20.49,79455.0,-269.0,4911.0
2022-12-12 11:11:33.600,826.0,-10.0,325.0,0.0,2127.2,24.75,2025.0,2041.1,2135.75,100,41500,1200.0,9.4,9.45,575.0,-3.2,9.4,20.21,398498.0,3265.0,41720.0
2022-12-12 11:16:37.200,69.0,7.0,10.0,0.0,2006.6,-4.9,250.0,1994.75,2044.0,1175,41600,225.0,8.8,9.3,25.0,-3.9,9.3,19.38,111325.0,311.0,5252.0
2022-12-12 11:21:40.800,22.0,12.0,16.0,0.0,1976.5,88.2,200.0,1870.9,1936.65,100,41700,100.0,9.2,10.3,275.0,-5.45,8.95,18.47,122512.0,4399.0,10402.0
2022-12-12 11:26:44.400,17.0,1.0,5.0,0.0,1812.6,3.5,200.0,1816.35,1844.35,75,41800,225.0,9.0,11.1,100.0,-4.55,11.05,18.29,136818.0,-2021.0,8257.0
2022-12-12 11:31:48.000,21.0,1.0,9.0,0.0,1789.4,82.75,200.0,1720.85,1745.8,1175,41900,25.0,11.5,12.5,250.0,-4.8,12.5,17.85,104327.0,1704.0,6732.0
2022-12-12 11:36:51.600,3004.0,-643.0,2999.0,0.0,1640.9,30.95,125.0,1624.7,1638.0,25,42000,100.0,12.7,13.8,250.0,-6.8,12.8,17.08,534665.0,5514.0,51963.0
2022-12-12 11:41:55.200,256.0,2.0,115.0,0.0,1544.6,45.95,125.0,1470.35,1623.3,875,42100,300.0,12.8,14.8,250.0,-6.65,14.6,16.63,141022.0,1086.0,6388.0
2022-12-12 11:46:58.800,206.0,-3.0,103.0,0.0,1390.0,-38.0,500.0,1424.4,1461.75,25,42200,1000.0,15.3,16.45,25.0,-9.05,15.3,15.91,248290.0,300.0,17189.0
2022-12-12 11:52:02.400,446.0,-10.0,272.0,0.0,1345.9,19.8,775.0,1256.05,1353.15,25,42300,25.0,17.2,18.5,250.0,-10.6,17.1,15.37,263582.0,4219.0,18390.0
2022-12-12 11:57:06.000,318.0,7.0,348.0,0.0,1245.8,47.35,250.0,1225.4,1253.4,25,42400,475.0,20.8,21.95,200.0,-12.05,20.7,15.06,311774.0,10689.0,25864.0
2022-12-12 12:02:09.600,2210.0,-797.0,13968.0,0.0,1149.0,20.6,25.0,1138.15,1148.95,25,42500,450.0,24.15,25.0,125.0,-13.45,25.0,14.75,738888.0,16597.0,54383.0
2022-12-12 12:07:13.200,430.0,136.0,3750.0,0.0,1056.75,2.8,125.0,1039.45,1061.0,50,42600,25.0,28.05,29.4,225.0,-14.65,29.5,14.34,346224.0,5701.0,25672.0
2022-12-12 12:12:16.800,970.0,155.0,3661.0,0.0,949.4,-10.05,125.0,943.45,968.05,25,42700,25.0,32.75,34.65,25.0,-19.1,34.65,13.91,409142.0,-1462.0,18736.0
2022-12-12 12:17:20.400,1044.0,143.0,8223.0,0.0,862.0,4.2,25.0,851.35,870.5,25,42800,50.0,40.1,41.0,925.0,-23.6,40.8,13.47,564202.0,3648.0,24115.0
2022-12-12 12:22:24.000,1015.0,128.0,10330.0,0.0,773.15,-6.5,25.0,760.6,780.1,25,42900,50.0,46.25,50.0,200.0,-31.3,46.25,12.86,623239.0,10078.0,25677.0
2022-12-12 12:27:27.600,19093.0,3615.0,159517.0,0.0,670.45,-18.45,25.0,677.35,688.45,50,43000,25.0,57.5,59.8,25.0,-35.0,58.3,12.66,1731287.0,7379.0,65136.0
2022-12-12 12:32:31.200,5097.0,-1331.0,59744.0,0.0,595.0,-14.25,50.0,595.0,601.7,25,43100,275.0,71.05,75.0,50.0,-41.0,71.9,12.38,838536.0,9356.0,26731.0
2022-12-12 12:37:34.800,7366.0,38.0,177803.0,3.94,505.2,-28.75,25.0,505.0,519.2,175,43200,375.0,87.0,91.1,25.0,-50.7,87.5,12.05,1090801.0,11896.0,44285.0
2022-12-12 12:42:38.400,17524.0,624.0,389870.0,6.25,425.7,-38.25,200.0,425.65,441.0,25,43300,2500.0,110.3,115.0,850.0,-55.65,111.4,11.98,1271596.0,15128.0,45708.0
2022-12-12 12:47:42.000,20077.0,4048.0,891504.0,7.11,355.0,-43.6,1175.0,355.05,369.9,25,43400,325.0,140.0,144.05,1325.0,-60.5,141.25,11.98,1602019.0,1099.0,39211.0
2022-12-12 12:52:45.600,64503.0,19932.0,2784699.0,8.05,300.0,-39.2,2325.0,300.0,302.95,25,43500,350.0,179.8,182.0,1450.0,-60.3,179.8,12.12,3352801.0,19916.0,74002.0
2022-12-12 12:57:49.200,52064.0,18517.0,2341129.0,8.29,242.0,-44.1,100.0,242.55,249.45,100,43600,200.0,220.6,226.0,25.0,-55.95,226.0,12.35,2592003.0,15803.0,44953.0
2022-12-12 13:02:52.800,78832.0,55765.0,3294459.0,8.53,193.0,-42.55,525.0,193.0,198.95,25,43700,25.0,269.75,280.0,1150.0,-54.95,279.65,12.65,2870808.0,26581.0,35689.0
2022-12-12 13:07:56.400,70003.0,52914.0,2747390.0,8.94,156.0,-36.85,8100.0,150.0,155.95,25,43800,25.0,323.5,336.75,50.0,-52.2,336.75,12.84,1933818.0,15819.0,20656.0
2022-12-12 13:13:00.000,39045.0,27573.0,1578537.0,8.81,115.0,-39.4,800.0,115.0,120.0,100,43900,25.0,386.75,402.35,1450.0,-63.85,386.4,12.45,897533.0,7358.0,8657.0
2022-12-12 13:18:03.600,88786.0,41189.0,2454991.0,8.97,87.05,-35.7,2000.0,87.05,89.95,25,44000,25.0,461.1,465.0,2075.0,-51.45,465.0,13.16,796081.0,9284.0,14882.0
2022-12-12 13:23:07.200,31688.0,17722.0,1037948.0,9.06,64.0,-32.45,25.0,64.0,66.0,25,44100,25.0,533.1,542.0,25.0,-38.3,542.0,13.62,142029.0,2402.0,2894.0
2022-12-12 13:28:10.800,44127.0,18922.0,1071860.0,9.21,47.15,-28.5,200.0,47.1,49.95,25,44200,50.0,615.55,625.0,25.0,-43.8,625.0,14.21,79545.0,3615.0,4009.0
2022-12-12 13:33:14.400,37065.0,20366.0,857758.0,9.45,35.35,-23.5,375.0,35.0,38.0,200,44300,250.0,695.4,721.05,100.0,-35.75,707.4,14.63,17011.0,1495.0,1793.0
2022-12-12 13:38:18.000,33616.0,14071.0,653447.0,9.64,26.0,-19.6,425.0,26.0,27.95,25,44400,25.0,794.3,811.85,75.0,-42.8,804.55,15.78,16415.0,1636.0,1783.0
2022-12-12 13:43:21.600,52647.0,17114.0,1008842.0,10.22,22.35,-14.1,475.0,21.0,22.35,275,44500,275.0,892.0,904.3,25.0,-46.25,902.35,16.93,25964.0,719.0,2474.0
2022-12-12 13:48:25.200,26866.0,16350.0,488400.0,10.53,17.4,-10.95,25.0,15.5,17.35,25,44600,25.0,982.6,1062.0,250.0,-23.75,995.8,17.75,2067.0,386.0,428.0
2022-12-12 13:53:28.800,16618.0,9722.0,462153.0,10.68,12.65,-10.25,25.0,12.6,14.0,1025,44700,25.0,1079.7,1140.85,675.0,-46.0,1079.5,17.82,903.0,285.0,293.0
2022-12-12 13:58:32.400,19687.0,10910.0,400910.0,10.86,9.3,-9.85,150.0,11.0,11.55,50,44800,1300.0,1176.4,1194.85,125.0,-24.2,1178.3,18.87,1446.0,359.0,407.0
2022-12-12 14:03:36.000,11058.0,6121.0,247097.0,11.95,10.7,-5.4,25.0,9.5,11.1,125,44900,175.0,1275.85,1338.2,75.0,-12.95,1275.55,19.79,187.0,64.0,74.0
2022-12-12 14:08:39.600,55401.0,10270.0,689357.0,12.34,8.9,-5.3,150.0,8.9,9.7,425,45000,125.0,1377.5,1384.0,25.0,-13.1,1385.8,21.69,2512.0,330.0,580.0
2022-12-12 14:13:43.200,9006.0,3304.0,161961.0,12.79,7.7,-4.35,900.0,7.65,9.9,50,45100,750.0,1417.7,1497.6,50.0,-2173.25,1437.2,18.43,55.0,26.0,26.0
2022-12-12 14:18:46.800,9869.0,5670.0,184588.0,13.55,7.75,-2.95,10000.0,6.35,7.75,475,45200,750.0,1460.6,1622.5,50.0,-2072.45,1619.75,26.46,25.0,11.0,11.0
2022-12-12 14:23:50.400,6459.0,1862.0,114759.0,13.94,6.65,-3.05,850.0,6.65,7.25,625,45300,1725.0,1594.95,1729.85,50.0,-178.9,1633.45,19.92,11.0,4.0,5.0
2022-12-12 14:28:54.000,4043.0,4043.0,81244.0,15.11,8.05,-335.0,25.0,6.8,8.05,75,45400,2475.0,1687.05,1808.05,50.0,-2029.6,1828.0,29.31,12.0,6.0,6.0
2022-12-12 14:33:57.600,60985.0,29304.0,461091.0,15.39,6.7,-1.75,225.0,6.75,7.35,50,45500,750.0,1803.7,1955.75,1825.0,-25.9,1835.15,21.99,102.0,24.0,35.0
2022-12-12 14:39:01.200,4965.0,4965.0,78401.0,15.93,6.25,-305.95,50.0,4.5,6.25,550,45600,750.0,1894.3,1999.75,150.0,-2004.6,2020.95,30.99,7.0,7.0,7.0
2022-12-12 14:44:04.800,64746.0,40794.0,468141.0,18.63,6.15,0.15,125.0,6.1,6.2,50,46000,750.0,2286.25,2446.9,1675.0,0.0,0.0,0.0,0.0,0.0,0.0
2022-12-12 14:49:08.400,29670.0,21405.0,260320.0,21.49,5.25,0.4,25.0,5.25,5.3,200,46500,750.0,2777.7,2942.45,625.0,-1905.05,2903.35,38.7,6.0,4.0,4.0
2022-12-12 14:54:12.000,23263.0,15386.0,194522.0,23.97,4.2,-0.1,850.0,4.2,4.65,25,47000,750.0,3283.05,3457.25,625.0,-1866.4,3393.2,42.44,22.0,22.0,22.0
2022-12-12 14:59:15.600,10422.0,7795.0,87973.0,26.5,3.6,-0.4,2475.0,3.6,4.5,1025,47500,750.0,3760.2,3941.9,275.0,-1786.65,3933.5,51.17,67.0,34.0,34.0
2022-12-12 15:04:19.200,11328.0,8301.0,106069.0,29.11,3.3,-0.55,10000.0,3.2,3.3,600,48000,750.0,4261.2,4438.1,150.0,-1785.75,4402.65,52.53,18.0,18.0,18.0
2022-12-12 15:09:22.800,28669.0,19816.0,197676.0,31.6,3.0,-0.7,11675.0,3.0,3.05,9425,48500,750.0,4760.4,4968.05,275.0,-1787.8,4875.2,53.44,208.0,100.0,100.0
2022-12-13 09:00:00.000,3.0,0.0,0.0,0.0,7242.1,0.0,750.0,7111.8,7305.5,900,36500,2675.0,2.3,2.35,1800.0,-0.1,2.3,72.43,86686.0,11263.0,22614.0
2022-12-13 09:05:03.600,16.0,0.0,0.0,0.0,6586.4,3.75,75.0,6654.85,6771.15,25,37000,825.0,2.5,2.85,300.0,0.0,2.5,68.03,68163.0,1189.0,5564.0
2022-12-13 09:10:07.200,0.0,0.0,0.0,0.0,0.0,0.0,750.0,6128.45,6310.95,300,37500,175.0,2.5,3.2,25.0,-0.2,2.5,63.07,37339.0,372.0,1599.0
2022-12-13 09:15:10.800,7.0,0.0,0.0,0.0,5738.1,0.0,50.0,5704.15,5816.5,200,38000,2700.0,2.85,3.15,75.0,-0.15,2.85,58.94,69079.0,536.0,5644.0
2022-12-13 09:20:14.400,4.0,0.0,0.0,0.0,5025.35,0.0,750.0,5120.0,5289.95,25,38500,75.0,3.15,3.8,500.0,-0.15,3.25,54.76,46103.0,4306.0,8108.0
2022-12-13 09:25:18.000,38.0,0.0,0.0,0.0,4551.7,0.0,1175.0,4663.1,4768.5,50,39000,1725.0,3.3,3.5,1400.0,-0.55,3.3,49.86,86677.0,233.0,10251.0
2022-12-13 09:30:21.600,42.0,0.0,0.0,0.0,4055.05,0.0,2100.0,4145.4,4262.95,25,39500,8425.0,3.55,3.7,1325.0,-0.55,3.7,45.48,95364.0,1699.0,11127.0
2022-12-13 09:35:25.200,1.0,0.0,0.0,0.0,3991.65,0.0,750.0,3967.45,4267.55,750,39600,50.0,2.2,4.0,75.0,-0.15,3.95,44.82,10000.0,-197.0,368.0
2022-12-13 09:40:28.800,0.0,0.0,0.0,0.0,0.0,0.0,750.0,3920.15,4107.5,900,39700,100.0,3.7,5.35,100.0,-0.3,4.05,43.94,9755.0,49.0,352.0
2022-12-13 09:45:32.400,0.0,0.0,0.0,0.0,0.0,0.0,750.0,3753.35,4211.15,500,39800,100.0,3.65,0.0,0.0,-0.35,4.1,42.99,9690.0,11.0,585.0
2022-12-13 09:50:36.000,0.0,0.0,0.0,0.0,0.0,0.0,750.0,3670.2,3911.5,900,39900,1000.0,3.6,4.1,500.0,-1.0,3.6,41.33,11394.0,-432.0,436.0
2022-12-13 09:55:39.600,142.0,2.0,29.0,0.0,3725.0,63.65,100.0,3720.0,3725.5,75,40000,50.0,3.85,3.95,25.0,-0.9,3.95,40.78,239282.0,-3239.0,29987.0
2022-12-13 10:00:43.200,4.0,0.0,1.0,64.28,3714.35,287.75,750.0,3520.9,3696.0,150,40100,50.0,4.1,5.25,50.0,-0.65,4.1,39.95,10604.0,378.0,1096.0
2022-12-13 10:05:46.800,0.0,0.0,0.0,0.0,0.0,0.0,25.0,3475.75,3654.05,750,40200,175.0,4.1,4.85,750.0,-0.85,4.1,38.94,16449.0,389.0,1749.0
2022-12-13 10:10:50.400,12.0,0.0,0.0,0.0,3440.0,0.0,750.0,3322.45,3505.25,25,40300,225.0,4.05,4.8,75.0,-0.95,4.05,37.87,19185.0,750.0,1688.0
2022-12-13 10:15:54.000,0.0,0.0,0.0,0.0,0.0,0.0,750.0,3258.9,3454.25,750,40400,1450.0,4.5,5.0,275.0,-0.25,4.75,37.6,26210.0,62.0,1435.0
2022-12-13 10:20:57.600,62.0,0.0,8.0,0.0,3225.0,152.05,100.0,3220.0,3291.3,1075,40500,100.0,4.75,4.85,50.0,-0.35,4.85,36.67,248353.0,10979.0,32974.0
2022-12-13 10:26:01.200,0.0,0.0,0.0,0.0,0.0,0.0,750.0,3045.65,3191.95,25,40600,75.0,4.9,5.35,50.0,-0.45,4.9,35.68,32632.0,1045.0,2970.0
2022-12-13 10:31:04.800,1.0,0.0,0.0,0.0,2860.0,0.0,25.0,2999.4,3110.45,50,40700,450.0,5.1,5.85,50.0,-0.7,5.1,34.83,29714.0,-1019.0,1495.0
2022-12-13 10:36:08.400,1.0,0.0,0.0,0.0,2610.0,0.0,775.0,2848.9,3010.25,50,40800,100.0,5.2,5.95,300.0,-0.55,5.4,34.05,38895.0,358.0,2472.0
2022-12-13 10:41:12.000,1.0,0.0,0.0,0.0,2658.85,0.0,750.0,2772.1,2902.45,50,40900,650.0,4.3,5.9,250.0,-0.95,5.45,33.05,60617.0,-4772.0,4618.0
2022-12-13 10:46:15.600,576.0,-19.0,51.0,0.0,2694.8,59.2,150.0,2706.9,2730.35,75,41000,1000.0,5.7,6.1,150.0,-0.5,6.1,32.5,415336.0,26390.0,71666.0
2022-12-13 10:51:19.200,3.0,0.0,0.0,0.0,2123.6,0.0,900.0,2539.7,2710.55,50,41100,75.0,5.8,6.3,625.0,-0.55,6.1,31.43,50631.0,494.0,3554.0
2022-12-13 10:56:22.800,11.0,0.0,1.0,0.0,2450.0,-86.8,175.0,2490.7,2529.6,75,41200,250.0,5.8,6.3,25.0,-0.45,6.4,30.58,59267.0,-84.0,8046.0
2022-12-13 11:01:26.400,22.0,0.0,0.0,0.0,2325.45,0.0,775.0,2367.7,2487.3,50,41300,150.0,6.5,6.85,100.0,-0.45,6.85,29.8,56142.0,240.0,5387.0
2022-12-13 11:06:30.000,5.0,0.0,0.0,0.0,2200.95,0.0,1000.0,2240.1,2410.95,50,41400,175.0,6.65,7.45,150.0,-1.15,6.65,28.59,70504.0,1207.0,6118.0
2022-12-13 11:11:33.600,824.0,-2.0,279.0,0.0,2226.2,94.2,125.0,2218.05,2226.0,25,41500,325.0,7.2,7.45,2700.0,-1.15,7.45,27.98,394539.0,34397.0,76117.0
2022-12-13 11:16:37.200,69.0,0.0,14.0,0.0,2106.7,100.1,800.0,2094.5,2168.9,150,41600,500.0,7.3,8.05,150.0,-0.7,8.05,27.2,85067.0,2205.0,7457.0
2022-12-13 11:21:40.800,29.0,7.0,10.0,0.0,2027.6,51.1,1275.0,1996.1,2114.2,1350,41700,75.0,8.0,8.25,500.0,-1.4,8.0,26.07,90005.0,620.0,11022.0
2022-12-13 11:26:44.400,23.0,6.0,29.0,0.0,1928.85,116.25,50.0,1919.4,1945.75,250,41800,125.0,8.75,9.95,300.0,-1.45,8.75,25.32,128061.0,1802.0,10059.0
2022-12-13 11:31:48.000,18.0,-3.0,7.0,0.0,1833.4,76.3,200.0,1800.5,1843.9,200,41900,100.0,9.2,10.0,25.0,-2.15,9.2,24.39,109761.0,3933.0,10665.0
2022-12-13 11:36:51.600,2838.0,-166.0,1760.0,0.0,1726.4,78.3,175.0,1726.4,1730.35,100,42000,150.0,10.0,10.25,250.0,-2.85,10.05,23.59,487518.0,25244.0,77207.0
2022-12-13 11:41:55.200,257.0,1.0,53.0,24.58,1660.0,124.55,150.0,1592.2,1634.15,50,42100,100.0,11.05,11.65,400.0,-2.95,11.05,22.81,129070.0,3095.0,9483.0
2022-12-13 11:46:58.800,225.0,19.0,256.0,0.0,1531.95,141.95,25.0,1528.0,1541.55,150,42200,25.0,9.55,11.8,25.0,-3.9,11.8,21.89,185108.0,689.0,17878.0
2022-12-13 11:52:02.400,505.0,59.0,463.0,0.0,1433.8,83.2,250.0,1395.55,1435.2,125,42300,600.0,12.65,13.5,300.0,-4.65,13.05,21.08,229721.0,5638.0,24028.0
2022-12-13 11:57:06.000,384.0,66.0,304.0,0.0,1338.55,82.15,25.0,1328.15,1342.05,150,42400,75.0,14.0,15.55,275.0,-6.0,15.3,20.49,260132.0,-10.0,25854.0
2022-12-13 12:02:09.600,1834.0,-376.0,11572.0,0.0,1231.9,85.55,100.0,1230.2,1235.0,25,42500,275.0,16.65,17.45,75.0,-7.35,17.5,19.77,570669.0,12495.0,66878.0
2022-12-13 12:07:13.200,453.0,23.0,1942.0,0.0,1134.55,49.65,50.0,1132.5,1140.0,100,42600,375.0,18.7,19.95,150.0,-10.4,18.7,18.75,352127.0,12342.0,38014.0
2022-12-13 12:12:16.800,1081.0,111.0,3586.0,0.0,1041.0,67.8,50.0,1041.0,1044.65,25,42700,25.0,22.25,23.5,25.0,-9.7,23.55,18.37,369261.0,2330.0,21066.0
2022-12-13 12:17:20.400,1887.0,843.0,7109.0,11.68,947.2,87.4,125.0,939.7,948.8,50,42800,375.0,26.7,28.0,2575.0,-14.95,26.7,17.53,555897.0,10083.0,34198.0
2022-12-13 12:22:24.000,1675.0,660.0,30938.0,10.81,847.7,57.7,25.0,846.4,852.65,25,42900,25.0,31.4,31.8,275.0,-19.05,31.8,16.87,658540.0,7179.0,32856.0
2022-12-13 12:27:27.600,18791.0,-302.0,150334.0,12.5,758.0,60.0,25.0,757.0,758.0,125,43000,25.0,39.0,39.9,25.0,-22.95,38.35,16.24,1524857.0,19678.0,84814.0
2022-12-13 12:32:31.200,4286.0,-811.0,74245.0,12.64,667.0,58.95,50.0,661.4,667.0,300,43100,25.0,47.05,49.95,200.0,-27.05,47.05,15.67,969938.0,25225.0,51956.0
2022-12-13 12:37:34.800,7766.0,400.0,243589.0,12.88,580.95,56.15,25.0,578.5,580.0,50,43200,575.0,61.05,61.25,25.0,-28.75,61.05,15.39,1315180.0,18130.0,62415.0
2022-12-13 12:42:38.400,15530.0,-1994.0,545677.0,12.7,495.75,47.75,25.0,494.5,496.0,150,43300,75.0,77.0,77.9,25.0,-36.2,77.55,15.01,1657952.0,14103.0,59811.0
2022-12-13 12:47:42.000,19573.0,-504.0,1130245.0,12.49,415.0,40.6,25.0,415.05,418.0,50,43400,50.0,97.6,98.35,50.0,-47.0,98.35,14.66,2215887.0,28786.0,67997.0
2022-12-13 12:52:45.600,58360.0,-6143.0,3155620.0,12.47,342.5,31.95,25.0,342.45,345.0,275,43500,300.0,125.0,127.0,2750.0,-53.35,127.0,14.51,3486505.0,39321.0,113323.0
2022-12-13 12:57:49.200,51637.0,-427.0,2704978.0,12.44,277.0,20.9,900.0,277.0,279.9,600,43600,925.0,159.0,160.6,25.0,-59.15,159.0,14.19,2938117.0,21121.0,66074.0
2022-12-13 13:02:52.800,97177.0,18345.0,3558813.0,12.52,221.0,13.4,225.0,220.0,220.95,50,43700,425.0,200.0,202.25,625.0,-60.6,201.0,14.09,3260607.0,42453.0,78142.0
2022-12-13 13:07:56.400,81658.0,11655.0,2953276.0,12.31,168.3,5.3,100.0,168.8,170.4,250,43800,200.0,249.65,252.0,175.0,-67.4,252.0,14.12,1801101.0,19450.0,40106.0
2022-12-13 13:13:00.000,53305.0,14260.0,1767542.0,12.34,127.5,2.5,125.0,127.5,129.0,225,43900,125.0,307.0,308.35,600.0,-72.3,308.35,14.03,835402.0,7378.0,16035.0
2022-12-13 13:18:03.600,97341.0,8555.0,2538973.0,12.27,93.0,-1.8,25.0,94.0,94.95,200,44000,25.0,374.0,374.5,75.0,-75.6,374.05,14.11,829975.0,8066.0,22948.0
2022-12-13 13:23:07.200,44302.0,12614.0,1231458.0,12.32,67.15,-4.35,2775.0,67.15,67.95,25,44100,25.0,445.35,449.0,650.0,-77.95,445.4,14.15,128534.0,1322.0,4216.0
2022-12-13 13:28:10.800,53991.0,9864.0,1275457.0,12.41,47.85,-5.9,250.0,47.0,48.0,25,44200,300.0,525.0,531.75,25.0,-77.85,529.55,14.81,73362.0,678.0,4687.0
2022-12-13 13:33:14.400,48319.0,11254.0,1004675.0,12.4,32.5,-8.3,425.0,32.5,33.4,25,44300,25.0,611.05,613.0,25.0,-77.1,613.0,15.1,24091.0,616.0,2409.0
2022-12-13 13:38:18.000,38089.0,4473.0,771748.0,12.63,23.05,-7.4,250.0,23.0,23.45,600,44400,425.0,699.95,707.15,25.0,-69.65,699.15,15.31,9449.0,348.0,2131.0
2022-12-13 13:43:21.600,62933.0,10286.0,1131516.0,13.04,17.2,-7.0,50.0,17.2,18.0,925,44500,50.0,793.75,801.95,25.0,-72.0,800.0,16.96,18350.0,-526.0,1948.0
2022-12-13 13:48:25.200,35705.0,8839.0,557308.0,13.41,12.7,-6.05,200.0,12.7,13.5,950,44600,25.0,889.3,898.8,100.0,-56.5,894.45,17.78,3580.0,1065.0,1493.0
2022-12-13 13:53:28.800,19889.0,3271.0,430300.0,14.13,10.7,-4.4,475.0,10.7,10.75,25,44700,250.0,977.15,995.8,75.0,-60.1,993.7,19.14,784.0,74.0,367.0
2022-12-13 13:58:32.400,26374.0,6687.0,447417.0,14.94,9.45,-3.25,50.0,8.85,9.45,225,44800,150.0,1083.4,1099.5,75.0,-48.4,1086.0,19.42,518.0,28.0,435.0
2022-12-13 14:03:36.000,14119.0,3061.0,212340.0,15.47,7.65,-3.5,100.0,7.6,8.2,50,44900,225.0,1174.7,1190.55,25.0,-90.5,1190.55,21.49,198.0,1.0,75.0
2022-12-13 14:08:39.600,74939.0,19538.0,637139.0,16.31,7.0,-3.05,3375.0,7.0,7.45,600,45000,25.0,1285.0,1292.65,75.0,-83.35,1285.45,22.01,1777.0,44.0,624.0
2022-12-13 14:13:43.200,8735.0,-271.0,130801.0,17.14,6.45,-2.4,750.0,6.45,7.05,600,45100,75.0,1313.9,1456.2,750.0,-44.2,1380.6,22.43,20.0,3.0,29.0
2022-12-13 14:18:46.800,10580.0,711.0,125655.0,18.02,6.1,-1.95,100.0,6.05,6.4,125,45200,225.0,1479.75,1552.65,750.0,0.0,1619.75,0.0,0.0,0.0,11.0
2022-12-13 14:23:50.400,13540.0,7081.0,106480.0,18.79,5.6,-2.15,150.0,5.6,6.15,50,45300,375.0,1549.45,1614.55,1500.0,-90.6,1542.85,0.0,9.0,1.0,6.0
2022-12-13 14:28:54.000,5329.0,1286.0,111484.0,19.84,5.7,-1.45,100.0,5.35,6.3,150,45400,1825.0,1636.7,1753.1,750.0,0.0,1828.0,0.0,0.0,0.0,6.0
2022-12-13 14:33:57.600,59558.0,-1427.0,460438.0,20.37,4.9,-2.25,1200.0,4.85,5.3,50,45500,150.0,1747.4,1826.3,750.0,-46.85,1785.0,28.32,61.0,5.0,40.0
2022-12-13 14:39:01.200,7051.0,2086.0,74556.0,21.4,5.0,-1.6,525.0,4.85,5.05,100,45600,50.0,1811.9,1922.45,750.0,0.0,2020.95,0.0,0.0,0.0,7.0
2022-12-13 14:44:04.800,61810.0,-2936.0,403155.0,24.41,3.95,-2.05,250.0,3.95,4.2,250,46000,200.0,2211.05,2323.05,750.0,0.0,0.0,0.0,0.0,0.0,0.0
2022-12-13 14:49:08.400,32205.0,2535.0,241370.0,28.16,3.2,-2.0,75.0,3.2,3.3,4550,46500,1150.0,2683.65,2825.3,750.0,0.0,2903.35,0.0,0.0,0.0,4.0
2022-12-13 14:54:12.000,27015.0,3752.0,146027.0,32.13,2.95,-1.75,1400.0,2.85,2.95,900,47000,100.0,3164.1,3326.85,750.0,0.0,3393.2,0.0,0.0,0.0,22.0
2022-12-13 14:59:15.600,13425.0,3003.0,82648.0,35.82,2.65,-1.35,175.0,2.65,2.75,1750,47500,125.0,3638.75,3839.4,750.0,0.0,3933.5,0.0,0.0,0.0,34.0
2022-12-13 15:04:19.200,13818.0,2490.0,81381.0,39.66,2.55,-1.05,1800.0,2.6,2.65,1925,48000,300.0,4185.7,4353.35,750.0,0.0,4402.65,0.0,0.0,0.0,18.0
2022-12-13 15:09:22.800,34867.0,6198.0,119270.0,43.56,2.55,-0.6,7400.0,2.5,2.55,400,48500,300.0,4688.4,4845.15,750.0,-204.3,4670.9,0.0,3.0,0.0,100.0
2022-12-14 09:00:00.000,3.0,0.0,0.0,0.0,7242.1,0.0,900.0,7426.75,7616.65,750,36500,6375.0,1.35,1.5,2725.0,-0.85,1.5,124.74,167175.0,3516.0,34013.0
2022-12-14 09:05:03.600,16.0,0.0,0.0,0.0,6586.4,3.75,775.0,6933.2,7050.55,550,37000,5125.0,1.35,1.4,500.0,-1.0,1.35,115.33,69080.0,-1444.0,5496.0
2022-12-14 09:10:07.200,4.0,0.0,0.0,0.0,6415.15,4.25,300.0,6433.55,6613.35,750,37500,175.0,1.45,1.8,600.0,-0.75,1.8,110.14,33670.0,-398.0,1581.0
2022-12-14 09:15:10.800,7.0,0.0,0.0,0.0,5738.1,0.0,300.0,5928.0,6112.5,750,38000,325.0,1.7,1.9,500.0,-1.2,1.7,101.3,40211.0,241.0,5980.0
2022-12-14 09:20:14.400,4.0,0.0,0.0,0.0,5025.35,0.0,300.0,5431.65,5616.1,750,38500,2725.0,1.55,1.8,900.0,-1.75,1.55,92.3,32387.0,-389.0,6836.0
2022-12-14 09:25:18.000,38.0,0.0,0.0,0.0,4551.7,0.0,125.0,4984.85,5034.75,25,39000,1000.0,2.0,2.4,525.0,-1.4,2.4,88.05,51901.0,1131.0,11724.0
2022-12-14 09:30:21.600,42.0,0.0,0.0,0.0,4055.05,0.0,925.0,4434.45,4543.85,700,39500,450.0,2.2,2.6,900.0,-1.95,2.2,79.0,50507.0,-3743.0,6966.0
2022-12-14 09:35:25.200,1.0,0.0,0.0,0.0,3991.65,0.0,900.0,4332.25,4554.1,750,39600,175.0,2.05,5.8,500.0,-2.15,2.05,76.78,4942.0,-393.0,402.0
2022-12-14 09:40:28.800,0.0,0.0,0.0,0.0,0.0,0.0,900.0,4236.25,4502.4,750,39700,800.0,1.65,4.0,800.0,-0.3,4.0,80.91,7754.0,334.0,763.0
2022-12-14 09:45:32.400,0.0,0.0,0.0,0.0,0.0,0.0,900.0,4132.2,4389.45,750,39800,2175.0,1.5,4.5,25.0,-3.0,1.5,71.19,7487.0,-275.0,459.0
2022-12-14 09:50:36.000,0.0,0.0,2.0,133.34,4262.3,1685.3,900.0,4037.45,4245.35,750,39900,2375.0,1.65,3.8,1500.0,-0.85,3.8,76.97,14095.0,-280.0,588.0
2022-12-14 09:55:39.600,124.0,-2.0,7.0,0.0,3993.85,66.55,25.0,4017.7,4031.2,75,40000,3550.0,2.35,2.7,17450.0,-2.4,2.35,71.27,190317.0,-4719.0,49890.0
2022-12-14 10:00:43.200,4.0,0.0,2.0,0.0,3877.1,162.75,900.0,3836.3,4016.25,750,40100,300.0,2.1,2.6,300.0,-2.15,2.55,70.25,7997.0,-260.0,697.0
2022-12-14 10:05:46.800,0.0,0.0,0.0,0.0,0.0,0.0,750.0,3730.6,3917.95,750,40200,1700.0,1.9,2.65,150.0,-3.0,1.9,66.44,6359.0,-32.0,1329.0
2022-12-14 10:10:50.400,12.0,0.0,0.0,0.0,3440.0,0.0,900.0,3636.5,3852.9,750,40300,500.0,2.2,2.8,100.0,-2.75,2.25,66.0,8865.0,-570.0,1102.0
2022-12-14 10:15:54.000,0.0,0.0,0.0,0.0,0.0,0.0,750.0,3533.45,3802.1,750,40400,800.0,1.8,2.0,1375.0,-3.15,2.0,63.54,7373.0,-818.0,1081.0
2022-12-14 10:20:57.600,49.0,-7.0,11.0,61.06,3561.95,116.95,300.0,3465.0,3615.85,750,40500,25.0,2.3,2.8,375.0,-2.4,2.8,64.27,168230.0,-8813.0,30405.0
2022-12-14 10:26:01.200,0.0,0.0,0.0,0.0,0.0,0.0,750.0,3212.3,3737.8,750,40600,0.0,0.0,3.5,50.0,-2.9,2.25,61.07,9825.0,-1124.0,1624.0
2022-12-14 10:31:04.800,1.0,0.0,0.0,0.0,2860.0,0.0,900.0,3241.7,3420.0,750,40700,900.0,1.75,3.3,250.0,-3.75,1.6,57.28,8899.0,-756.0,773.0
2022-12-14 10:36:08.400,1.0,0.0,0.0,0.0,2610.0,0.0,900.0,3140.7,3318.55,750,40800,900.0,2.25,2.8,25.0,-3.1,2.45,58.34,15748.0,-1091.0,1545.0
2022-12-14 10:41:12.000,1.0,0.0,0.0,0.0,2658.85,0.0,900.0,3041.45,3220.95,750,40900,300.0,2.3,5.9,250.0,-3.3,2.3,56.28,28778.0,-2201.0,2305.0
2022-12-14 10:46:15.600,440.0,-94.0,131.0,0.0,3036.95,103.15,750.0,2940.5,3039.15,125,41000,1300.0,2.8,2.9,700.0,-3.0,2.9,56.11,500391.0,-27920.0,70909.0
2022-12-14 10:51:19.200,3.0,0.0,0.0,0.0,2123.6,0.0,750.0,2839.6,3015.0,750,41100,1925.0,2.55,5.25,150.0,-3.25,2.55,53.61,27354.0,-1843.0,2100.0
2022-12-14 10:56:22.800,10.0,-1.0,1.0,84.85,2914.35,464.35,25.0,2796.35,2868.5,300,41200,250.0,2.65,3.8,50.0,-3.25,2.65,52.18,41212.0,-1279.0,7116.0
2022-12-14 11:01:26.400,22.0,0.0,5.0,58.55,2768.6,443.15,500.0,2644.95,2765.85,900,41300,150.0,3.1,3.6,200.0,-3.1,3.1,51.46,30085.0,-639.0,3412.0
2022-12-14 11:06:30.000,5.0,0.0,0.0,0.0,2200.95,0.0,750.0,2539.1,2714.0,750,41400,225.0,2.85,5.85,250.0,-3.55,2.85,49.26,43353.0,-3429.0,3892.0
2022-12-14 11:11:33.600,772.0,-49.0,72.0,0.0,2553.3,122.4,125.0,2518.2,2532.9,275,41500,25.0,3.65,3.9,100.0,-3.25,3.65,49.05,453437.0,-35797.0,55139.0
2022-12-14 11:16:37.200,30.0,-39.0,41.0,0.0,2456.0,116.0,100.0,2359.55,2466.15,100,41600,500.0,3.2,5.0,50.0,-2.75,4.2,48.18,51003.0,-4006.0,3527.0
2022-12-14 11:21:40.800,30.0,0.0,2.0,0.0,2300.0,117.9,125.0,2296.55,2365.05,25,41700,250.0,3.4,4.8,100.0,-3.85,3.4,45.17,47007.0,-2805.0,4746.0
2022-12-14 11:26:44.400,23.0,0.0,0.0,0.0,2132.0,0.0,100.0,2214.8,2235.05,25,41800,25.0,4.05,4.85,1400.0,-3.55,3.95,44.3,75828.0,-2336.0,8968.0
2022-12-14 11:31:48.000,19.0,0.0,0.0,0.0,1987.4,0.0,25.0,2120.65,2135.1,25,41900,525.0,3.7,4.85,300.0,-3.9,3.8,42.32,70294.0,-145.0,8283.0
2022-12-14 11:36:51.600,1776.0,-944.0,1510.0,0.0,2038.0,102.9,25.0,2025.0,2038.75,200,42000,475.0,4.5,4.8,1000.0,-3.7,4.5,41.51,719295.0,-5497.0,88747.0
2022-12-14 11:41:55.200,207.0,-52.0,61.0,0.0,1930.0,95.0,75.0,1908.3,2019.2,750,42100,450.0,4.3,5.5,250.0,-4.25,4.35,39.53,93376.0,-1114.0,9077.0
2022-12-14 11:46:58.800,214.0,-3.0,11.0,0.0,1856.15,116.75,250.0,1814.15,1858.0,1350,42200,250.0,4.35,5.9,75.0,-4.6,4.45,37.87,121188.0,-684.0,16406.0
2022-12-14 11:52:02.400,364.0,-192.0,350.0,0.0,1745.0,102.2,300.0,1701.55,1739.25,75,42300,100.0,4.35,5.5,25.0,-4.25,5.5,37.19,182658.0,-136.0,19617.0
2022-12-14 11:57:06.000,348.0,-8.0,26.0,0.0,1647.5,105.65,75.0,1599.55,1720.15,750,42400,550.0,5.55,6.8,350.0,-3.6,6.95,36.63,168013.0,-7131.0,12735.0
2022-12-14 12:02:09.600,1039.0,-279.0,845.0,0.0,1537.55,101.0,25.0,1531.0,1537.95,250,42500,825.0,6.1,6.55,100.0,-5.5,6.1,34.02,764840.0,5675.0,82863.0
2022-12-14 12:07:13.200,344.0,-71.0,246.0,0.0,1435.8,90.05,25.0,1425.85,1436.05,25,42600,475.0,6.5,7.15,600.0,-5.95,6.55,32.5,233915.0,-7607.0,22143.0
2022-12-14 12:12:16.800,743.0,-156.0,259.0,0.0,1341.3,94.35,25.0,1323.75,1337.25,50,42700,50.0,6.05,7.95,500.0,-7.9,6.05,30.2,261066.0,-8195.0,21140.0
2022-12-14 12:17:20.400,1661.0,-116.0,572.0,0.0,1235.85,88.25,25.0,1232.0,1236.85,100,42800,75.0,7.3,7.65,300.0,-8.15,7.65,29.41,348341.0,2745.0,33536.0
2022-12-14 12:22:24.000,1238.0,-286.0,813.0,0.0,1140.85,94.0,250.0,1125.9,1138.05,25,42900,25.0,8.6,9.5,25.0,-10.2,8.6,28.0,310819.0,-13910.0,23046.0
2022-12-14 12:27:27.600,13793.0,-1713.0,14259.0,0.0,1038.15,86.65,125.0,1033.75,1039.45,125,43000,100.0,9.9,10.2,50.0,-12.15,10.25,26.84,887071.0,30452.0,123503.0
2022-12-14 12:32:31.200,1907.0,-350.0,2227.0,0.0,943.15,89.1,250.0,925.5,942.7,250,43100,25.0,11.3,11.4,25.0,-15.3,11.4,25.27,373010.0,-9271.0,29686.0
2022-12-14 12:37:34.800,4012.0,-1648.0,7633.0,0.0,838.25,84.7,25.0,832.5,842.4,25,43200,400.0,11.0,13.6,300.0,-21.65,11.0,22.95,535733.0,-5539.0,48248.0
2022-12-14 12:42:38.400,4760.0,-3785.0,16108.0,0.0,741.2,69.75,150.0,740.0,744.75,25,43300,1075.0,15.0,16.4,250.0,-24.1,16.45,22.72,661312.0,-11083.0,48784.0
2022-12-14 12:47:42.000,5751.0,-6728.0,43715.0,0.0,644.55,65.35,25.0,640.85,645.0,900,43400,25.0,18.3,19.75,25.0,-31.05,20.2,21.44,718146.0,-4639.0,61408.0
2022-12-14 12:52:45.600,20102.0,-11351.0,248266.0,0.0,550.4,57.35,25.0,550.4,554.65,25,43500,250.0,25.6,26.2,75.0,-38.65,26.2,20.4,1442492.0,11580.0,124682.0
2022-12-14 12:57:49.200,9439.0,-9017.0,253811.0,0.0,456.4,46.5,75.0,456.4,460.0,850,43600,2050.0,33.0,35.75,175.0,-49.25,33.0,19.1,1113920.0,-1210.0,67258.0
2022-12-14 13:02:52.800,16735.0,-19433.0,534320.0,12.4,374.95,41.7,125.0,372.8,375.0,1200,43700,25.0,46.85,48.0,75.0,-60.25,45.5,18.31,1384771.0,-5248.0,84435.0
2022-12-14 13:07:56.400,29283.0,-17000.0,1281903.0,13.36,294.85,31.1,1200.0,290.0,294.85,325,43800,25.0,66.0,68.9,150.0,-70.6,66.0,17.95,1810616.0,5902.0,80710.0
2022-12-14 13:13:00.000,36828.0,-19649.0,1754815.0,13.4,220.05,17.65,75.0,218.0,220.05,225,43900,175.0,93.0,98.0,50.0,-79.15,95.5,17.82,2380354.0,75.0,80323.0
2022-12-14 13:18:03.600,139334.0,14641.0,5753438.0,13.94,161.0,10.1,3600.0,160.0,161.0,575,44000,250.0,133.35,136.25,25.0,-88.6,133.3,17.63,5410536.0,36285.0,120500.0
2022-12-14 13:23:07.200,89105.0,34437.0,3945532.0,14.29,113.0,3.4,2525.0,110.0,112.45,50,44100,375.0,185.9,187.0,25.0,-94.4,186.0,18.02,3522129.0,30209.0,46256.0
2022-12-14 13:28:10.800,95109.0,40437.0,3125245.0,14.32,73.95,-1.7,50.0,71.25,73.95,600,44200,100.0,247.0,249.0,125.0,-100.1,247.0,18.3,1951046.0,14841.0,25292.0
2022-12-14 13:33:14.400,66157.0,24560.0,1961941.0,14.26,45.2,-6.7,575.0,45.1,47.0,25,44300,350.0,320.0,324.95,75.0,-101.95,322.0,19.26,1017601.0,3982.0,11652.0
2022-12-14 13:38:18.000,65783.0,22390.0,1520062.0,14.95,30.0,-4.8,450.0,28.0,30.0,2800,44400,25.0,400.1,404.0,625.0,-101.2,404.0,20.37,409704.0,1334.0,4330.0
2022-12-14 13:43:21.600,101395.0,28781.0,1955221.0,15.41,18.9,-4.95,175.0,17.2,18.9,150,44500,25.0,489.85,490.9,325.0,-104.3,490.9,21.56,462493.0,2649.0,6972.0
2022-12-14 13:48:25.200,72510.0,41324.0,856048.0,15.8,11.5,-4.95,725.0,10.5,11.5,800,44600,25.0,581.25,588.15,25.0,-106.2,583.05,23.13,61494.0,983.0,3057.0
2022-12-14 13:53:28.800,58398.0,32119.0,729179.0,16.41,7.4,-4.45,25.0,7.0,7.55,250,44700,25.0,679.0,684.95,25.0,-104.9,678.95,25.09,15433.0,463.0,926.0
2022-12-14 13:58:32.400,39083.0,7952.0,640301.0,17.81,6.15,-3.4,75.0,4.8,6.25,75,44800,75.0,774.9,783.6,25.0,-103.6,776.85,27.28,7506.0,149.0,688.0
2022-12-14 14:03:36.000,21994.0,979.0,400636.0,19.04,5.0,-2.65,25.0,5.0,5.05,250,44900,250.0,872.2,882.2,25.0,-103.45,873.05,28.94,4530.0,308.0,451.0
2022-12-14 14:08:39.600,136610.0,55041.0,1015069.0,20.35,4.25,-2.55,100.0,4.15,4.25,1450,45000,25.0,974.15,980.25,25.0,-88.45,980.9,33.22,7582.0,40.0,956.0
2022-12-14 14:13:43.200,16714.0,3037.0,268597.0,21.49,3.5,-2.2,275.0,3.5,4.3,50,45100,250.0,1040.5,1091.35,250.0,-102.2,1073.7,33.94,396.0,33.0,63.0
2022-12-14 14:18:46.800,20107.0,6503.0,250701.0,23.26,3.55,-1.5,1125.0,2.9,3.6,125,45200,300.0,1138.65,1200.9,300.0,-113.1,1170.0,35.29,166.0,17.0,41.0
2022-12-14 14:23:50.400,17945.0,3524.0,237240.0,24.81,3.4,-1.2,25.0,2.9,3.5,175,45300,300.0,1240.6,1290.05,300.0,-136.45,1238.9,19.28,83.0,2.0,25.0
2022-12-14 14:28:54.000,5307.0,-837.0,117900.0,26.43,3.35,-0.6,325.0,2.5,3.35,150,45400,250.0,1339.95,1397.6,250.0,-76.95,1393.15,45.87,132.0,4.0,15.0
2022-12-14 14:33:57.600,65925.0,12983.0,554269.0,27.28,2.7,-0.95,50.0,2.6,2.7,650,45500,25.0,1471.55,1480.85,25.0,-93.5,1475.4,43.65,821.0,24.0,76.0
2022-12-14 14:39:01.200,7209.0,48.0,83445.0,29.22,2.95,-0.45,800.0,1.65,2.95,600,45600,25.0,1571.1,1640.55,250.0,-453.05,1567.9,43.54,48.0,11.0,18.0
2022-12-14 14:44:04.800,2184.0,-886.0,43411.0,29.93,2.35,-0.9,550.0,2.05,2.95,350,45700,2675.0,1594.65,1732.5,1925.0,0.0,0.0,0.0,0.0,0.0,0.0
2022-12-14 14:49:08.400,965.0,965.0,48633.0,31.32,2.25,-326.55,425.0,1.75,3.0,250,45800,750.0,1708.15,1829.45,300.0,0.0,0.0,0.0,0.0,0.0,0.0
2022-12-14 14:54:12.000,361.0,361.0,21566.0,32.58,2.1,-311.0,75.0,2.15,2.25,50,45900,750.0,1792.7,1945.0,300.0,0.0,0.0,0.0,0.0,0.0,0.0
2022-12-14 14:59:15.600,54546.0,-1976.0,425599.0,33.69,1.9,-1.15,500.0,2.0,2.1,175,46000,250.0,1960.05,1992.95,1450.0,-2421.1,1947.2,41.65,22.0,11.0,11.0
2022-12-14 15:04:19.200,25565.0,-6299.0,166752.0,40.11,1.55,-0.85,4900.0,1.55,1.6,1975,46500,225.0,2432.8,2493.7,225.0,-153.0,2440.0,40.88,1.0,-1.0,4.0
2022-12-14 15:09:22.800,34705.0,4402.0,178416.0,47.28,1.6,-0.5,2475.0,1.55,1.6,5725,47000,750.0,2887.05,3052.95,1200.0,0.0,3393.2,0.0,0.0,0.0,22.0
2022-12-15 09:00:00.000,3.0,0.0,5.0,0.0,6940.75,-301.35,900.0,6910.55,7087.75,900,36500,2225.0,0.2,0.25,725.0,-1.15,0.2,99.53,64719.0,-4055.0,29958.0
2022-12-15 09:05:03.600,8.0,-8.0,16.0,241.04,6746.05,163.4,0.0,0.0,6973.65,875,37000,0.0,0.0,0.05,7650.0,-1.3,0.05,84.18,30136.0,908.0,6404.0
2022-12-15 09:10:07.200,4.0,0.0,8.0,226.91,6250.0,-160.9,150.0,5969.9,6069.8,150,37500,450.0,0.05,0.25,100.0,-1.5,0.05,77.59,18250.0,278.0,1859.0
2022-12-15 09:15:10.800,6.0,-1.0,6.0,210.57,5745.35,7.25,25.0,4855.2,5908.9,875,38000,0.0,0.0,0.05,3450.0,-1.55,0.05,71.06,30400.0,-1955.0,4025.0
2022-12-15 09:20:14.400,3.0,-1.0,4.0,248.67,5505.0,479.65,250.0,4978.95,5008.5,50,38500,1900.0,0.15,0.2,125.0,-1.75,0.2,71.02,19677.0,-1269.0,5567.0
2022-12-15 09:25:18.000,11.0,-27.0,33.0,170.97,4706.0,154.3,25.0,2930.25,4579.25,300,39000,0.0,0.0,0.05,5200.0,-2.05,0.05,58.16,46027.0,-7445.0,4279.0
2022-12-15 09:30:21.600,42.0,0.0,5.0,181.33,4325.0,269.95,375.0,3928.85,4005.6,25,39500,3150.0,0.05,0.2,325.0,-2.2,0.05,51.78,30335.0,-1386.0,5580.0
2022-12-15 09:35:25.200,1.0,0.0,0.0,0.0,3991.65,0.0,875.0,3012.2,4026.1,25,39600,0.0,0.0,0.15,2800.0,-2.15,0.15,54.5,4352.0,-71.0,331.0
2022-12-15 09:40:28.800,0.0,0.0,0.0,0.0,0.0,0.0,125.0,2926.95,3939.4,25,39700,25.0,0.1,0.25,1625.0,-2.35,0.1,51.61,5860.0,-444.0,319.0
2022-12-15 09:45:32.400,0.0,0.0,0.0,0.0,0.0,0.0,25.0,3222.45,4187.85,900,39800,0.0,0.0,0.2,1325.0,-2.15,0.2,52.92,7842.0,-70.0,389.0
2022-12-15 09:50:36.000,8.0,8.0,16.0,175.84,3965.8,-296.5,900.0,3509.4,3689.0,400,39900,375.0,0.1,0.3,675.0,-2.25,0.1,48.96,7724.0,-267.0,321.0
2022-12-15 09:55:39.600,48.0,-76.0,116.0,0.0,3507.95,-485.9,75.0,3469.05,3503.7,25,40000,5325.0,0.15,0.25,25.0,-2.35,0.15,49.08,186461.0,-15120.0,34770.0
2022-12-15 10:00:43.200,4.0,0.0,4.0,111.86,3500.0,-377.1,875.0,3081.4,3469.3,300,40100,0.0,0.0,0.3,825.0,-2.3,0.05,44.17,8542.0,-300.0,397.0
2022-12-15 10:05:46.800,0.0,0.0,0.0,0.0,0.0,0.0,25.0,3209.1,3387.2,25,40200,125.0,0.1,0.3,1125.0,-2.45,0.05,42.91,6671.0,-247.0,1082.0
2022-12-15 10:10:50.400,12.0,0.0,0.0,0.0,3440.0,0.0,25.0,3108.55,3286.55,25,40300,700.0,0.1,0.3,50.0,-2.4,0.05,41.65,7600.0,-293.0,809.0
2022-12-15 10:15:54.000,0.0,0.0,0.0,0.0,0.0,0.0,875.0,2835.05,3233.25,25,40400,0.0,0.0,0.2,4025.0,-2.35,0.2,44.65,7127.0,-230.0,851.0
2022-12-15 10:20:57.600,39.0,-10.0,26.0,94.34,3077.0,-517.85,875.0,2939.0,3004.35,25,40500,600.0,0.15,0.3,8000.0,-2.4,0.3,44.72,102317.0,-6578.0,23827.0
2022-12-15 10:26:01.200,0.0,0.0,0.0,0.0,0.0,0.0,25.0,2808.75,2986.15,25,40600,450.0,0.1,0.2,675.0,-2.4,0.2,41.89,10440.0,-1042.0,582.0
2022-12-15 10:31:04.800,0.0,-1.0,1.0,178.23,3355.0,495.0,875.0,2514.0,2913.85,500,40700,0.0,0.0,0.2,10475.0,-2.65,0.05,36.6,12371.0,-143.0,630.0
2022-12-15 10:36:08.400,1.0,0.0,1.0,147.03,3075.0,465.0,875.0,2371.45,2871.85,500,40800,0.0,0.0,0.2,500.0,-2.7,0.05,35.34,13576.0,-1032.0,513.0
2022-12-15 10:41:12.000,1.0,0.0,0.0,0.0,2658.85,0.0,875.0,2303.0,2836.95,500,40900,0.0,0.0,0.05,25.0,-2.7,0.05,34.09,18256.0,-1140.0,1165.0
2022-12-15 10:46:15.600,172.0,-268.0,357.0,100.87,2654.85,-400.0,1200.0,2421.0,2648.85,25,41000,0.0,0.0,0.05,18500.0,-2.85,0.05,32.83,516762.0,-29768.0,41141.0
2022-12-15 10:51:19.200,3.0,0.0,0.0,0.0,2123.6,0.0,875.0,1935.3,2696.45,875,41100,0.0,0.0,0.05,225.0,-2.9,0.05,31.57,35557.0,882.0,2982.0
2022-12-15 10:56:22.800,7.0,-3.0,8.0,56.23,2325.0,-589.35,25.0,2246.55,2353.75,25,41200,150.0,0.05,0.25,475.0,-3.0,0.05,30.31,46839.0,-3449.0,3667.0
2022-12-15 11:01:26.400,22.0,0.0,4.0,68.65,2259.4,-509.2,875.0,1993.0,2259.05,300,41300,0.0,0.0,0.05,5300.0,-3.3,0.05,29.05,50042.0,374.0,3786.0
2022-12-15 11:06:30.000,5.0,0.0,2.0,125.39,2470.0,269.05,875.0,1844.25,2334.45,500,41400,0.0,0.0,0.1,2600.0,-3.3,0.05,27.79,41858.0,-1857.0,2035.0
2022-12-15 11:11:33.600,279.0,-493.0,651.0,0.0,2000.55,-558.25,900.0,1975.1,2024.8,50,41500,0.0,0.0,0.05,136450.0,-3.55,0.05,26.54,515437.0,-18065.0,37074.0
2022-12-15 11:16:37.200,28.0,-2.0,5.0,0.0,1906.0,-550.0,900.0,1876.15,1924.9,900,41600,0.0,0.0,0.05,13650.0,-3.55,0.05,25.28,81292.0,4675.0,8202.0
2022-12-15 11:21:40.800,18.0,-12.0,29.0,0.0,1798.85,-501.15,900.0,1776.15,1821.25,75,41700,0.0,0.0,0.15,450.0,-3.8,0.05,24.02,98707.0,1600.0,6346.0
2022-12-15 11:26:44.400,18.0,-5.0,9.0,26.26,1709.95,-422.05,900.0,1676.15,1724.85,25,41800,0.0,0.0,0.05,2500.0,-4.1,0.05,22.75,121456.0,-5424.0,3544.0
2022-12-15 11:31:48.000,17.0,-2.0,9.0,50.35,1648.2,-339.2,900.0,1576.15,1599.1,75,41900,0.0,0.0,0.05,625.0,-4.15,0.05,21.49,134277.0,-2082.0,6201.0
2022-12-15 11:36:51.600,634.0,-1142.0,3478.0,0.0,1501.8,-553.7,25.0,1496.9,1501.8,25,42000,0.0,0.0,0.05,25600.0,-4.45,0.05,20.23,1109793.0,-32201.0,56546.0
2022-12-15 11:41:55.200,219.0,12.0,410.0,0.0,1396.2,-533.8,25.0,1381.2,1399.75,150,42100,0.0,0.0,0.05,50.0,-4.6,0.1,19.99,159336.0,-4481.0,4596.0
2022-12-15 11:46:58.800,128.0,-86.0,194.0,0.0,1297.8,-558.35,900.0,1281.15,1324.8,50,42200,0.0,0.0,0.05,4450.0,-5.0,0.05,17.69,204151.0,-6244.0,10162.0
2022-12-15 11:52:02.400,221.0,-143.0,649.0,0.0,1197.25,-547.75,125.0,1188.7,1201.85,25,42300,16450.0,0.05,0.25,300.0,-5.25,0.05,16.41,239630.0,-12127.0,7490.0
2022-12-15 11:57:06.000,264.0,-84.0,566.0,0.0,1098.45,-549.05,25.0,1097.25,1124.05,50,42400,800.0,0.1,0.25,25.0,-5.5,0.1,15.99,263892.0,-3202.0,9533.0
2022-12-15 12:02:09.600,510.0,-529.0,4644.0,0.0,997.3,-551.6,250.0,996.55,1022.5,25,42500,0.0,0.0,0.05,66650.0,-6.05,0.05,13.86,1441269.0,-11826.0,71037.0
2022-12-15 12:07:13.200,250.0,-94.0,1896.0,0.0,897.3,-552.85,25.0,897.0,920.0,125,42600,0.0,0.0,0.1,5775.0,-6.45,0.05,12.57,444769.0,-6765.0,15378.0
2022-12-15 12:12:16.800,431.0,-312.0,2358.0,0.0,799.6,-551.95,25.0,797.5,800.5,25,42700,0.0,0.0,0.05,675.0,-7.0,0.05,11.28,667050.0,3780.0,24920.0
2022-12-15 12:17:20.400,542.0,-1119.0,7388.0,0.0,698.05,-553.7,25.0,691.3,702.3,25,42800,0.0,0.0,0.05,28325.0,-7.8,0.05,9.98,689685.0,-5988.0,27548.0
2022-12-15 12:22:24.000,558.0,-680.0,7189.0,0.0,597.5,-558.1,25.0,597.4,602.45,25,42900,0.0,0.0,0.05,5675.0,-8.8,0.05,8.67,660044.0,1047.0,24093.0
2022-12-15 12:27:27.600,4115.0,-9678.0,58702.0,0.0,499.0,-548.6,25.0,498.0,499.0,200,43000,309800.0,0.05,0.1,1250.0,-10.1,0.05,7.35,2649436.0,6292.0,129795.0
2022-12-15 12:32:31.200,1513.0,-394.0,34322.0,0.0,399.2,-561.65,25.0,398.15,399.55,25,43100,0.0,0.0,0.05,2125.0,-11.35,0.05,6.01,931380.0,-8565.0,21121.0
2022-12-15 12:37:34.800,3635.0,-377.0,89369.0,0.0,300.0,-567.0,25.0,298.55,299.8,25,43200,3700.0,0.05,0.2,2175.0,-12.95,0.2,5.33,1556079.0,-7962.0,40286.0
2022-12-15 12:42:38.400,7250.0,2490.0,200077.0,0.0,199.45,-569.2,25.0,198.55,199.45,25,43300,5475.0,0.1,0.15,3150.0,-15.95,0.15,3.65,1832722.0,-5843.0,42941.0
2022-12-15 12:47:42.000,17503.0,11752.0,673936.0,0.0,100.0,-568.4,175.0,99.4,99.8,25,43400,25.0,0.3,0.4,550.0,-19.75,0.4,2.36,3733280.0,47195.0,108603.0
2022-12-15 12:52:45.600,95619.0,75517.0,4260569.0,0.0,0.5,-572.65,75.0,0.4,0.5,3325,43500,875.0,1.25,1.3,1100.0,-25.35,1.25,0.51,11659062.0,36220.0,160902.0
2022-12-15 12:57:49.200,103798.0,94359.0,6360591.0,1.51,0.05,-483.85,0.0,0.0,0.05,57950,43600,575.0,99.4,100.5,150.0,63.75,99.4,4.3,10252929.0,-34032.0,33226.0
2022-12-15 13:02:52.800,96339.0,79604.0,6604086.0,3.32,0.15,-397.7,65000.0,0.05,0.2,550,43700,100.0,200.2,201.3,175.0,151.5,200.2,7.26,10455195.0,-68060.0,16375.0
2022-12-15 13:07:56.400,84100.0,54817.0,9809221.0,5.12,0.25,-317.9,29575.0,0.05,0.25,225,43800,200.0,300.0,300.4,25.0,233.3,300.95,10.01,13566030.0,-58354.0,22356.0
2022-12-15 13:13:00.000,91913.0,55085.0,12522564.0,6.49,0.2,-242.95,30825.0,0.1,0.2,2625,43900,25.0,400.05,400.3,175.0,306.9,400.3,12.27,11675065.0,-56008.0,24315.0
2022-12-15 13:18:03.600,152765.0,13431.0,16103850.0,8.3,0.3,-176.95,925.0,0.2,0.3,25,44000,125.0,500.9,501.3,50.0,372.55,501.0,14.8,12025367.0,-89889.0,30611.0
2022-12-15 13:23:07.200,76231.0,-12874.0,9826846.0,9.6,0.25,-123.45,50.0,0.2,0.25,800,44100,25.0,599.55,601.75,25.0,425.6,599.6,16.58,5283375.0,-36665.0,9591.0
2022-12-15 13:28:10.800,61239.0,-33870.0,6543304.0,10.51,0.15,-82.3,5700.0,0.15,0.2,1200,44200,125.0,700.15,701.9,25.0,469.05,701.35,19.4,2342064.0,-18980.0,6312.0
2022-12-15 13:33:14.400,38642.0,-27515.0,3885027.0,12.19,0.2,-52.25,1125.0,0.15,0.2,2950,44300,25.0,800.3,802.1,75.0,499.0,801.4,21.59,1066019.0,-8832.0,2820.0
2022-12-15 13:38:18.000,34760.0,-31023.0,2622054.0,13.86,0.2,-31.95,4075.0,0.15,0.25,200,44400,25.0,898.65,901.5,25.0,518.95,901.0,23.54,427833.0,-2004.0,2326.0
2022-12-15 13:43:21.600,123782.0,22387.0,3545736.0,14.93,0.2,-19.45,775.0,0.2,0.35,500,44500,25.0,1000.0,1001.2,25.0,529.05,1001.3,25.75,366228.0,-2924.0,4048.0
2022-12-15 13:48:25.200,24969.0,-47541.0,1668883.0,15.33,0.1,-11.75,0.0,0.0,0.05,50,44600,25.0,1100.2,1102.9,100.0,538.8,1102.6,28.38,53913.0,-1476.0,1581.0
2022-12-15 13:53:28.800,29778.0,-28620.0,1276195.0,15.72,0.05,-7.75,80775.0,0.05,0.1,900,44700,150.0,1193.3,1203.25,125.0,541.0,1202.85,30.55,44507.0,-356.0,570.0
2022-12-15 13:58:32.400,29335.0,-9748.0,1053723.0,18.93,0.2,-5.8,900.0,0.1,0.2,325,44800,50.0,1300.55,1303.75,825.0,547.5,1300.8,31.57,8092.0,197.0,885.0
2022-12-15 14:03:36.000,16382.0,-5612.0,721280.0,18.11,0.05,-4.9,0.0,0.0,0.05,3675,44900,900.0,1391.15,1416.1,50.0,562.4,1414.05,39.16,5338.0,-68.0,383.0
2022-12-15 14:08:39.600,134108.0,-2502.0,2117093.0,21.02,0.15,-4.35,124375.0,0.1,0.15,63075,45000,25.0,1498.0,1501.85,150.0,542.55,1500.9,35.52,9150.0,-346.0,610.0
2022-12-15 14:13:43.200,17933.0,1219.0,408266.0,20.47,0.05,-3.75,0.0,0.0,0.05,17575,45100,75.0,1599.2,1619.85,200.0,539.85,1599.65,36.7,351.0,-11.0,52.0
2022-12-15 14:18:46.800,10734.0,-9373.0,366187.0,21.64,0.05,-3.4,0.0,0.0,0.15,600,45200,900.0,1681.15,1719.9,900.0,540.05,1695.1,35.12,135.0,-17.0,24.0
2022-12-15 14:23:50.400,11219.0,-6726.0,248693.0,22.8,0.05,-3.05,0.0,0.0,0.15,175,45300,75.0,1791.95,1819.9,900.0,487.75,1726.65,0.0,32.0,-3.0,22.0
2022-12-15 14:28:54.000,6938.0,1631.0,176243.0,27.17,0.25,-2.55,21875.0,0.05,0.25,375,45400,75.0,1900.35,1919.85,725.0,538.2,1891.95,34.65,107.0,-1.0,14.0
2022-12-15 14:33:57.600,52407.0,-13518.0,941746.0,25.11,0.05,-2.65,42150.0,0.05,0.1,50,45500,25.0,1975.2,2004.3,75.0,538.7,1999.8,44.22,1054.0,-39.0,37.0
2022-12-15 14:39:01.200,7774.0,565.0,137182.0,26.25,0.05,-2.55,0.0,0.0,0.15,175,45600,900.0,2075.1,2119.9,900.0,507.9,2075.8,0.0,55.0,-4.0,14.0
2022-12-15 14:44:04.800,4052.0,1868.0,86024.0,28.79,0.1,-2.3,900.0,0.1,0.25,625,45700,25.0,2197.25,2213.2,25.0,-2041.05,1607.75,0.0,2.0,1.0,1.0
2022-12-15 14:49:08.400,7415.0,6450.0,85042.0,29.97,0.1,-2.2,400.0,0.1,0.25,900,45800,900.0,2206.95,2359.75,25.0,0.0,0.0,0.0,0.0,0.0,0.0
2022-12-15 14:54:12.000,3752.0,3391.0,64288.0,32.13,0.15,-2.05,350.0,0.15,0.2,1875,45900,75.0,2389.4,2418.3,25.0,0.0,0.0,0.0,0.0,0.0,0.0
2022-12-15 14:59:15.600,64905.0,10359.0,886362.0,32.32,0.1,-1.95,1350.0,0.1,0.15,2100,46000,75.0,2501.4,2519.65,50.0,469.65,2418.2,0.0,13.0,-1.0,10.0
2022-12-15 15:04:19.200,38663.0,13098.0,341082.0,36.28,0.05,-1.55,0.0,0.0,0.05,201850,46500,150.0,2950.4,3071.1,50.0,0.0,2440.0,0.0,0.0,0.0,4.0
2022-12-15 15:09:22.800,39211.0,4506.0,377998.0,41.69,0.05,-1.4,0.0,0.0,0.05,47400,47000,500.0,3324.3,3773.55,500.0,0.0,3393.2,0.0,0.0,0.0,22.0
